<?xml version="1.0" encoding="UTF-8"?>
<project-private xmlns="http://www.netbeans.org/ns/project-private/1">
    <editor-bookmarks xmlns="http://www.netbeans.org/ns/editor-bookmarks/2" lastBookmarkId="0"/>
    <open-files xmlns="http://www.netbeans.org/ns/projectui-open-files/2">
        <group>
            <file>file:/Users/Nono/NetBeansProjects/AS_v/src/prueba_as/Acerca.java</file>
            <file>file:/Users/Nono/NetBeansProjects/AS_v/src/prueba_as/Principal.java</file>
            <file>file:/Users/Nono/NetBeansProjects/AS_v/src/Conexion/Conectar.java</file>
        </group>
    </open-files>
</project-private>
